Date,Category,Amount,Payment_Mode,Month,Tax
01-01-2024,Transport,3279,Cash,May,328
02-01-2024,Entertainment,2080,Card,December,208
02-01-2024,Transport,3217,Online,December,322
02-01-2024,Utilities,1054,Online,May,105
05-01-2024,Food,13249,Cash,December,1325
05-01-2024,Entertainment,14800,Cash,January,1480
08-01-2024,Shopping,10856,Online,April,1086
09-01-2024,Shopping,3630,Card,January,363
09-01-2024,Rent,9227,Online,March,923
10-01-2024,Food,2765,Online,July,277
12-01-2024,Rent,7214,Cash,September,721
12-01-2024,Health,5572,Card,November,557
14-01-2024,Utilities,11452,Card,March,1145
15-01-2024,Food,9539,Cash,January,954
15-01-2024,Rent,2483,Online,November,248
16-01-2024,Food,12975,Card,April,1298
17-01-2024,Entertainment,7157,Online,March,716
18-01-2024,Transport,6395,Card,May,640
19-01-2024,Transport,10682,Online,November,1068
20-01-2024,Entertainment,2465,Card,December,247
21-01-2024,Entertainment,10400,Cash,May,1040
21-01-2024,Transport,12547,Online,June,1255
22-01-2024,Rent,2365,Online,January,237
22-01-2024,Rent,7394,Card,July,739
23-01-2024,Transport,13769,Cash,November,1377
25-01-2024,Entertainment,12857,Cash,January,1286
27-01-2024,Food,1660,Online,November,166
28-01-2024,Shopping,9054,Online,August,905
28-01-2024,Shopping,7661,Cash,April,766
29-01-2024,Health,10137,Online,July,1014
02-02-2024,Entertainment,999,Cash,January,100
02-02-2024,Shopping,4098,Online,October,410
04-02-2024,Shopping,9647,Card,June,965
04-02-2024,Health,4214,Online,September,421
05-02-2024,Entertainment,14836,Card,January,1484
05-02-2024,Entertainment,11344,Card,December,1134
06-02-2024,Utilities,2820,Cash,February,282
06-02-2024,Rent,6336,Card,July,634
06-02-2024,Entertainment,6328,Card,May,633
07-02-2024,Health,13261,Card,August,1326
08-02-2024,Food,5799,Cash,April,580
08-02-2024,Health,13181,Online,January,1318
08-02-2024,Food,10833,Online,November,1083
10-02-2024,Shopping,2528,Online,September,253
10-02-2024,Shopping,12813,Card,November,1281
10-02-2024,Health,4411,Online,December,441
11-02-2024,Entertainment,6994,Online,January,699
12-02-2024,Food,10924,Online,November,1092
15-02-2024,Utilities,9374,Online,October,937
16-02-2024,Food,6394,Online,November,639
16-02-2024,Shopping,10652,Cash,August,1065
16-02-2024,Entertainment,5799,Card,November,580
17-02-2024,Health,10421,Cash,March,1042
18-02-2024,Shopping,3765,Cash,August,377
20-02-2024,Food,8319,Online,May,832
22-02-2024,Health,5824,Card,September,582
22-02-2024,Utilities,6673,Online,August,667
22-02-2024,Utilities,11403,Card,August,1140
23-02-2024,Rent,12070,Card,December,1207
23-02-2024,Utilities,12336,Card,July,1234
27-02-2024,Health,1490,Cash,July,149
27-02-2024,Entertainment,245,Online,September,25
27-02-2024,Utilities,1200,Card,April,120
27-02-2024,Rent,9335,Card,September,934
28-02-2024,Transport,3945,Online,July,395
02-03-2024,Shopping,11656,Online,August,1166
03-03-2024,Utilities,12743,Cash,August,1274
05-03-2024,Rent,2239,Cash,November,224
09-03-2024,Utilities,12711,Card,May,1271
09-03-2024,Shopping,12215,Card,January,1222
10-03-2024,Utilities,109,Online,December,11
12-03-2024,Food,10333,Online,August,1033
14-03-2024,Food,1386,Card,January,139
15-03-2024,Health,12381,Card,February,1238
16-03-2024,Utilities,8312,Online,June,831
16-03-2024,Rent,12160,Online,September,1216
20-03-2024,Health,4458,Card,March,446
21-03-2024,Transport,12908,Card,February,1291
21-03-2024,Entertainment,1033,Cash,May,103
26-03-2024,Shopping,11483,Cash,April,1148
26-03-2024,Entertainment,6670,Card,February,667
28-03-2024,Health,13713,Card,May,1371
30-03-2024,Entertainment,14584,Cash,May,1458
30-03-2024,Entertainment,14832,Cash,May,1483
31-03-2024,Health,1172,Cash,March,117
01-04-2024,Rent,1740,Card,January,174
01-04-2024,Food,8421,Cash,September,842
03-04-2024,Food,6627,Cash,October,663
05-04-2024,Entertainment,4393,Cash,September,439
05-04-2024,Entertainment,7159,Card,October,716
05-04-2024,Shopping,11181,Online,February,1118
08-04-2024,Food,11630,Card,January,1163
08-04-2024,Transport,9046,Cash,November,905
08-04-2024,Health,12629,Online,July,1263
08-04-2024,Health,394,Card,May,39
08-04-2024,Shopping,7105,Online,January,711
08-04-2024,Food,13176,Cash,March,1318
08-04-2024,Entertainment,13716,Card,April,1372
09-04-2024,Utilities,12165,Cash,June,1217
09-04-2024,Rent,8302,Cash,September,830
12-04-2024,Shopping,3532,Online,October,353
12-04-2024,Shopping,4594,Cash,January,459
13-04-2024,Food,629,Card,September,63
13-04-2024,Health,1809,Card,September,181
15-04-2024,Transport,1074,Cash,December,107
15-04-2024,Health,6216,Card,September,622
16-04-2024,Health,10526,Online,December,1053
18-04-2024,Transport,3710,Online,February,371
21-04-2024,Transport,205,Card,July,21
22-04-2024,Food,11803,Online,October,1180
22-04-2024,Rent,5726,Card,March,573
22-04-2024,Food,11525,Online,February,1153
24-04-2024,Transport,8289,Card,June,829
25-04-2024,Health,10269,Card,November,1027
26-04-2024,Entertainment,9260,Online,June,926
26-04-2024,Health,1056,Online,December,106
27-04-2024,Transport,12120,Card,August,1212
29-04-2024,Food,9947,Online,July,995
29-04-2024,Health,2049,Online,January,205
01-05-2024,Transport,2575,Card,September,258
01-05-2024,Rent,9230,Cash,January,923
02-05-2024,Entertainment,6442,Cash,March,644
03-05-2024,Utilities,12257,Online,October,1226
04-05-2024,Entertainment,13860,Online,February,1386
05-05-2024,Utilities,12437,Online,February,1244
06-05-2024,Food,10673,Cash,April,1067
07-05-2024,Utilities,1055,Cash,December,106
08-05-2024,Entertainment,2704,Card,August,270
09-05-2024,Rent,5279,Card,January,528
10-05-2024,Food,6468,Cash,June,647
10-05-2024,Food,14661,Card,July,1466
10-05-2024,Utilities,10401,Card,June,1040
11-05-2024,Food,4716,Online,March,472
12-05-2024,Food,5639,Card,April,564
13-05-2024,Health,10929,Online,May,1093
14-05-2024,Transport,2819,Online,October,282
14-05-2024,Entertainment,10346,Card,September,1035
18-05-2024,Utilities,4386,Online,December,439
22-05-2024,Food,14723,Online,August,1472
22-05-2024,Utilities,3255,Cash,March,326
23-05-2024,Food,10545,Online,March,1055
23-05-2024,Rent,4246,Cash,April,425
23-05-2024,Health,8664,Card,April,866
23-05-2024,Food,13499,Online,July,1350
24-05-2024,Transport,5391,Cash,June,539
26-05-2024,Food,8686,Online,May,869
27-05-2024,Health,13475,Cash,December,1348
28-05-2024,Food,14214,Cash,June,1421
29-05-2024,Transport,5643,Online,June,564
30-05-2024,Health,7251,Cash,April,725
30-05-2024,Rent,2143,Online,February,214
31-05-2024,Health,14156,Cash,May,1416
01-06-2024,Health,1995,Cash,August,200
02-06-2024,Health,9500,Cash,July,950
03-06-2024,Transport,12573,Cash,February,1257
05-06-2024,Rent,7414,Cash,March,741
06-06-2024,Shopping,8603,Online,October,860
08-06-2024,Rent,9005,Cash,July,901
08-06-2024,Utilities,14387,Online,November,1439
08-06-2024,Health,9177,Cash,August,918
09-06-2024,Transport,9679,Online,April,968
09-06-2024,Entertainment,5483,Card,July,548
09-06-2024,Entertainment,7374,Cash,December,737
10-06-2024,Transport,12841,Cash,July,1284
11-06-2024,Health,9973,Online,July,997
11-06-2024,Food,3244,Cash,May,324
13-06-2024,Health,9700,Online,July,970
15-06-2024,Shopping,4915,Card,January,492
15-06-2024,Health,12361,Card,August,1236
16-06-2024,Health,13075,Online,November,1308
16-06-2024,Entertainment,8736,Card,March,874
18-06-2024,Rent,6541,Online,May,654
19-06-2024,Entertainment,14959,Card,April,1496
20-06-2024,Shopping,761,Cash,May,76
21-06-2024,Rent,6774,Online,August,677
21-06-2024,Rent,5116,Cash,April,512
22-06-2024,Transport,2459,Online,November,246
24-06-2024,Food,11206,Online,June,1121
25-06-2024,Shopping,5545,Card,September,555
26-06-2024,Health,9877,Cash,September,988
28-06-2024,Shopping,5338,Online,June,534
29-06-2024,Rent,13743,Online,November,1374
30-06-2024,Entertainment,6395,Online,May,640
02-07-2024,Transport,14423,Card,November,1442
04-07-2024,Utilities,13567,Card,February,1357
05-07-2024,Entertainment,13647,Card,January,1365
06-07-2024,Shopping,14160,Card,October,1416
07-07-2024,Entertainment,8567,Card,February,857
08-07-2024,Food,11286,Cash,June,1129
08-07-2024,Health,11462,Cash,October,1146
08-07-2024,Shopping,8953,Cash,December,895
08-07-2024,Transport,12140,Online,December,1214
08-07-2024,Transport,10338,Cash,August,1034
09-07-2024,Transport,1056,Cash,January,106
09-07-2024,Food,2952,Cash,June,295
10-07-2024,Utilities,8079,Online,June,808
10-07-2024,Shopping,6159,Card,January,616
10-07-2024,Utilities,3664,Cash,February,366
12-07-2024,Utilities,12249,Online,March,1225
13-07-2024,Rent,558,Card,December,56
14-07-2024,Entertainment,9916,Online,June,992
14-07-2024,Entertainment,9572,Online,June,957
16-07-2024,Transport,4573,Cash,August,457
19-07-2024,Food,11636,Cash,August,1164
19-07-2024,Health,2917,Card,January,292
19-07-2024,Utilities,6606,Online,November,661
20-07-2024,Utilities,8328,Cash,August,833
21-07-2024,Food,3733,Card,June,373
21-07-2024,Utilities,9869,Card,May,987
22-07-2024,Rent,2069,Cash,September,207
24-07-2024,Health,12557,Cash,November,1256
25-07-2024,Food,5452,Card,September,545
26-07-2024,Rent,101,Online,November,10
31-07-2024,Rent,12198,Online,September,1220
02-08-2024,Rent,12389,Online,October,1239
02-08-2024,Transport,906,Cash,July,91
04-08-2024,Transport,4030,Card,April,403
04-08-2024,Food,10239,Cash,October,1024
04-08-2024,Food,12268,Cash,August,1227
05-08-2024,Shopping,991,Card,September,99
05-08-2024,Health,13062,Cash,November,1306
07-08-2024,Rent,3156,Card,April,316
07-08-2024,Entertainment,13705,Card,September,1371
07-08-2024,Shopping,3373,Cash,March,337
07-08-2024,Shopping,4744,Online,January,474
10-08-2024,Health,10766,Card,December,1077
10-08-2024,Utilities,7411,Card,October,741
12-08-2024,Health,6735,Card,April,674
12-08-2024,Shopping,10798,Online,March,1080
12-08-2024,Rent,1198,Online,September,120
13-08-2024,Health,13712,Card,September,1371
14-08-2024,Shopping,3141,Cash,July,314
14-08-2024,Rent,13386,Online,May,1339
16-08-2024,Shopping,12300,Cash,October,1230
17-08-2024,Shopping,3754,Online,April,375
17-08-2024,Food,4209,Card,September,421
18-08-2024,Food,12291,Cash,April,1229
18-08-2024,Health,13118,Cash,December,1312
18-08-2024,Rent,14970,Online,March,1497
20-08-2024,Health,2996,Card,June,300
20-08-2024,Utilities,1341,Card,June,134
20-08-2024,Food,6147,Cash,August,615
20-08-2024,Health,6670,Online,April,667
21-08-2024,Food,1923,Online,December,192
22-08-2024,Rent,10928,Online,November,1093
24-08-2024,Transport,9300,Card,August,930
28-08-2024,Transport,377,Cash,February,38
29-08-2024,Entertainment,732,Online,March,73
29-08-2024,Food,10668,Online,November,1067
30-08-2024,Utilities,4669,Cash,November,467
31-08-2024,Food,2566,Cash,December,257
02-09-2024,Health,8004,Card,August,800
03-09-2024,Transport,12604,Online,October,1260
03-09-2024,Health,8882,Cash,July,888
07-09-2024,Food,10394,Cash,October,1039
08-09-2024,Food,9616,Card,July,962
08-09-2024,Health,13371,Cash,September,1337
09-09-2024,Shopping,1036,Online,January,104
09-09-2024,Shopping,13853,Cash,June,1385
09-09-2024,Health,2171,Cash,April,217
09-09-2024,Utilities,12881,Card,August,1288
09-09-2024,Food,14594,Cash,September,1459
10-09-2024,Food,10091,Card,August,1009
10-09-2024,Rent,13721,Online,October,1372
10-09-2024,Food,12530,Card,January,1253
12-09-2024,Utilities,10626,Online,May,1063
12-09-2024,Health,3553,Cash,March,355
14-09-2024,Shopping,5009,Online,June,501
15-09-2024,Transport,14152,Card,January,1415
15-09-2024,Entertainment,14388,Online,June,1439
19-09-2024,Health,313,Online,August,31
20-09-2024,Utilities,10285,Cash,November,1029
21-09-2024,Health,506,Card,August,51
24-09-2024,Health,12318,Card,August,1232
24-09-2024,Utilities,5804,Online,November,580
25-09-2024,Food,3278,Card,May,328
26-09-2024,Food,3120,Card,November,312
27-09-2024,Food,9255,Cash,March,926
27-09-2024,Health,5168,Card,April,517
28-09-2024,Rent,4685,Online,February,469
29-09-2024,Transport,5352,Online,October,535
30-09-2024,Health,4976,Cash,February,498
03-10-2024,Rent,3489,Card,July,349
03-10-2024,Utilities,1366,Online,January,137
03-10-2024,Shopping,11693,Online,March,1169
03-10-2024,Shopping,2975,Card,February,298
05-10-2024,Rent,10793,Card,December,1079
06-10-2024,Shopping,6159,Cash,May,616
06-10-2024,Rent,6178,Online,October,618
09-10-2024,Utilities,11901,Cash,February,1190
09-10-2024,Entertainment,11248,Cash,December,1125
10-10-2024,Transport,9041,Card,September,904
11-10-2024,Utilities,9210,Cash,December,921
11-10-2024,Shopping,3330,Online,December,333
14-10-2024,Utilities,11271,Online,March,1127
15-10-2024,Transport,656,Online,May,66
15-10-2024,Rent,9306,Online,August,931
20-10-2024,Rent,1059,Card,October,106
22-10-2024,Shopping,417,Online,August,42
24-10-2024,Entertainment,13803,Cash,June,1380
27-10-2024,Entertainment,3197,Card,September,320
28-10-2024,Transport,9194,Card,May,919
28-10-2024,Transport,11973,Cash,March,1197
30-10-2024,Shopping,8883,Cash,February,888
31-10-2024,Entertainment,1225,Card,April,123
31-10-2024,Food,7162,Card,March,716
04-11-2024,Food,14999,Card,April,1500
09-11-2024,Rent,4655,Card,January,466
09-11-2024,Health,924,Cash,April,92
11-11-2024,Transport,10322,Online,December,1032
11-11-2024,Shopping,1835,Card,January,184
13-11-2024,Food,2944,Card,August,294
16-11-2024,Rent,1625,Online,August,163
18-11-2024,Rent,6775,Online,March,678
18-11-2024,Food,5731,Cash,July,573
20-11-2024,Transport,402,Online,May,40
21-11-2024,Food,1975,Cash,August,198
22-11-2024,Transport,9535,Cash,April,954
25-11-2024,Transport,10206,Card,February,1021
26-11-2024,Entertainment,9755,Card,December,976
26-11-2024,Entertainment,8320,Online,August,832
01-12-2024,Shopping,10155,Card,November,1016
03-12-2024,Entertainment,2025,Online,February,203
03-12-2024,Transport,1489,Online,February,149
03-12-2024,Transport,13734,Online,April,1373
04-12-2024,Utilities,5595,Online,October,560
05-12-2024,Health,1390,Card,May,139
05-12-2024,Entertainment,2528,Online,May,253
06-12-2024,Entertainment,10325,Online,March,1033
07-12-2024,Transport,11122,Card,November,1112
07-12-2024,Rent,6384,Cash,July,638
07-12-2024,Rent,12688,Online,October,1269
09-12-2024,Entertainment,462,Card,May,46
09-12-2024,Entertainment,5790,Online,February,579
11-12-2024,Shopping,2533,Online,May,253
11-12-2024,Utilities,2033,Online,July,203
11-12-2024,Shopping,9868,Online,February,987
11-12-2024,Rent,2025,Card,July,203
13-12-2024,Health,7913,Cash,January,791
13-12-2024,Entertainment,730,Cash,September,73
13-12-2024,Rent,3710,Online,November,371
14-12-2024,Health,8812,Card,July,881
14-12-2024,Utilities,13618,Online,July,1362
15-12-2024,Transport,6756,Online,January,676
19-12-2024,Shopping,3914,Card,January,391
22-12-2024,Entertainment,7619,Online,December,762
23-12-2024,Transport,807,Cash,October,81
24-12-2024,Utilities,7366,Cash,November,737
26-12-2024,Shopping,9876,Cash,July,988
30-12-2024,Utilities,14994,Card,May,1499
30-12-2024,Food,13358,Card,June,1336
01-01-2025,Food,13339,Cash,September,1334
01-01-2025,Shopping,9006,Cash,March,901
03-01-2025,Transport,6571,Online,April,657
03-01-2025,Transport,1087,Online,September,109
04-01-2025,Utilities,6152,Cash,October,615
07-01-2025,Health,5201,Online,June,520
07-01-2025,Rent,11707,Online,August,1171
07-01-2025,Shopping,5151,Cash,April,515
07-01-2025,Utilities,11263,Cash,January,1126
08-01-2025,Transport,3193,Cash,October,319
09-01-2025,Entertainment,614,Cash,January,61
10-01-2025,Transport,2290,Online,November,229
11-01-2025,Food,14394,Cash,May,1439
13-01-2025,Shopping,9117,Card,August,912
14-01-2025,Rent,8225,Cash,June,823
14-01-2025,Transport,1412,Cash,December,141
18-01-2025,Utilities,5343,Online,January,534
19-01-2025,Transport,2355,Cash,January,236
19-01-2025,Utilities,12957,Cash,November,1296
20-01-2025,Health,9176,Cash,April,918
20-01-2025,Utilities,14364,Online,November,1436
20-01-2025,Utilities,4832,Cash,April,483
21-01-2025,Health,13798,Cash,September,1380
21-01-2025,Entertainment,1349,Online,September,135
22-01-2025,Health,9710,Online,September,971
22-01-2025,Rent,7387,Online,January,739
24-01-2025,Health,11911,Cash,June,1191
24-01-2025,Transport,9275,Cash,June,928
26-01-2025,Rent,2530,Card,November,253
26-01-2025,Rent,4895,Online,April,490
27-01-2025,Shopping,1068,Card,July,107
27-01-2025,Rent,14456,Card,November,1446
27-01-2025,Utilities,12973,Cash,May,1297
27-01-2025,Rent,5147,Cash,March,515
28-01-2025,Shopping,12692,Cash,August,1269
30-01-2025,Health,10703,Cash,December,1070
30-01-2025,Rent,240,Online,March,24
31-01-2025,Shopping,8334,Online,June,833
31-01-2025,Utilities,588,Cash,June,59
01-02-2025,Shopping,10806,Card,June,1081
01-02-2025,Rent,14059,Card,October,1406
01-02-2025,Shopping,14271,Cash,December,1427
03-02-2025,Entertainment,1746,Card,January,175
04-02-2025,Rent,14822,Card,June,1482
04-02-2025,Transport,13495,Cash,January,1350
05-02-2025,Entertainment,11894,Online,September,1189
05-02-2025,Rent,5395,Card,December,540
06-02-2025,Utilities,216,Online,January,22
06-02-2025,Utilities,3710,Cash,January,371
07-02-2025,Shopping,11140,Card,July,1114
10-02-2025,Shopping,11621,Card,June,1162
10-02-2025,Transport,7591,Cash,May,759
11-02-2025,Rent,6804,Cash,September,680
11-02-2025,Health,625,Card,April,63
12-02-2025,Rent,7722,Cash,October,772
14-02-2025,Transport,3442,Card,May,344
16-02-2025,Utilities,4906,Card,January,491
17-02-2025,Shopping,7927,Cash,April,793
18-02-2025,Utilities,9482,Cash,June,948
18-02-2025,Entertainment,4297,Cash,March,430
18-02-2025,Rent,10717,Online,November,1072
19-02-2025,Health,8811,Online,May,881
20-02-2025,Shopping,5308,Card,January,531
21-02-2025,Food,1467,Card,June,147
22-02-2025,Shopping,14568,Card,February,1457
23-02-2025,Health,7114,Card,March,711
23-02-2025,Transport,9208,Cash,November,921
25-02-2025,Transport,5391,Cash,July,539
25-02-2025,Transport,189,Card,September,19
02-03-2025,Entertainment,8233,Card,August,823
03-03-2025,Entertainment,9279,Cash,September,928
07-03-2025,Food,7275,Card,November,728
10-03-2025,Utilities,7451,Online,August,745
11-03-2025,Shopping,8156,Online,August,816
13-03-2025,Shopping,10426,Online,December,1043
14-03-2025,Health,14097,Online,June,1410
16-03-2025,Transport,2449,Cash,March,245
17-03-2025,Health,6546,Cash,November,655
17-03-2025,Entertainment,12341,Online,October,1234
19-03-2025,Health,729,Card,June,73
20-03-2025,Shopping,9952,Card,October,995
20-03-2025,Transport,13278,Online,October,1328
22-03-2025,Shopping,1339,Online,July,134
25-03-2025,Food,307,Cash,December,31
26-03-2025,Entertainment,6907,Online,August,691
28-03-2025,Food,12096,Online,April,1210
28-03-2025,Entertainment,13747,Card,October,1375
28-03-2025,Transport,14527,Card,December,1453
30-03-2025,Entertainment,10974,Cash,August,1097
30-03-2025,Rent,9306,Cash,July,931
31-03-2025,Food,9754,Card,May,975
31-03-2025,Entertainment,12980,Cash,December,1298
31-03-2025,Health,138,Cash,December,14
01-04-2025,Health,11860,Card,August,1186
03-04-2025,Food,7586,Card,October,759
04-04-2025,Shopping,11677,Online,October,1168
04-04-2025,Shopping,12613,Cash,August,1261
05-04-2025,Entertainment,671,Cash,November,67
05-04-2025,Entertainment,3974,Card,July,397
06-04-2025,Transport,5333,Online,January,533
06-04-2025,Entertainment,7109,Card,February,711
08-04-2025,Transport,1863,Cash,July,186
11-04-2025,Shopping,4905,Card,October,491
13-04-2025,Transport,13745,Online,October,1375
14-04-2025,Health,994,Online,June,99
15-04-2025,Transport,14396,Card,November,1440
15-04-2025,Shopping,7943,Card,July,794
16-04-2025,Shopping,3878,Card,April,388
16-04-2025,Health,13581,Online,April,1358
17-04-2025,Food,5520,Cash,March,552
17-04-2025,Transport,8719,Cash,October,872
17-04-2025,Utilities,14514,Online,May,1451
18-04-2025,Rent,1374,Cash,September,137
18-04-2025,Health,4570,Cash,October,457
19-04-2025,Transport,14065,Card,February,1407
19-04-2025,Shopping,14299,Card,September,1430
20-04-2025,Entertainment,3140,Card,July,314
20-04-2025,Food,7314,Card,October,731
21-04-2025,Health,5470,Card,March,547
21-04-2025,Rent,3691,Card,April,369
21-04-2025,Entertainment,3020,Online,July,302
25-04-2025,Transport,2027,Cash,December,203
28-04-2025,Entertainment,6112,Card,January,611
29-04-2025,Entertainment,7412,Card,November,741
29-04-2025,Shopping,1365,Online,December,137
02-05-2025,Food,13572,Card,April,1357
03-05-2025,Entertainment,12152,Card,March,1215
04-05-2025,Rent,5250,Cash,November,525
04-05-2025,Food,9561,Cash,May,956
06-05-2025,Food,13995,Card,February,1400
06-05-2025,Food,13450,Online,February,1345
07-05-2025,Rent,11439,Card,November,1144
07-05-2025,Shopping,9577,Online,February,958
10-05-2025,Shopping,13773,Card,May,1377
11-05-2025,Rent,14375,Online,January,1438
11-05-2025,Utilities,452,Online,May,45
11-05-2025,Shopping,4216,Online,June,422
13-05-2025,Food,1767,Card,November,177
13-05-2025,Food,3838,Cash,June,384
14-05-2025,Food,7385,Cash,October,739
15-05-2025,Health,3826,Cash,December,383
16-05-2025,Entertainment,5349,Cash,July,535
17-05-2025,Food,2503,Cash,February,250
17-05-2025,Rent,1107,Cash,April,111
18-05-2025,Health,12498,Online,August,1250
19-05-2025,Entertainment,11795,Cash,June,1180
19-05-2025,Transport,9141,Card,April,914
20-05-2025,Transport,11396,Online,May,1140
20-05-2025,Entertainment,474,Cash,December,47
20-05-2025,Shopping,14215,Cash,January,1422
22-05-2025,Rent,10758,Cash,May,1076
23-05-2025,Entertainment,1318,Card,June,132
24-05-2025,Health,4279,Online,July,428
24-05-2025,Food,9178,Card,October,918
25-05-2025,Rent,683,Card,August,68
25-05-2025,Food,6969,Cash,February,697
25-05-2025,Transport,1896,Card,February,190
25-05-2025,Rent,626,Card,September,63
26-05-2025,Shopping,12768,Online,June,1277
26-05-2025,Utilities,10281,Card,December,1028
27-05-2025,Shopping,6864,Cash,May,686
27-05-2025,Food,11136,Cash,August,1114
30-05-2025,Entertainment,10627,Online,March,1063
30-05-2025,Entertainment,12244,Card,April,1224
31-05-2025,Rent,1898,Cash,December,190
01-06-2025,Shopping,14125,Card,December,1413
02-06-2025,Rent,7202,Card,May,720
04-06-2025,Entertainment,7024,Cash,June,702
05-06-2025,Health,9810,Card,January,981
08-06-2025,Shopping,13861,Online,December,1386
08-06-2025,Utilities,6577,Cash,February,658
08-06-2025,Entertainment,8173,Cash,December,817
09-06-2025,Entertainment,10893,Online,July,1089
14-06-2025,Transport,1416,Card,August,142
15-06-2025,Rent,13087,Card,November,1309
21-06-2025,Health,12865,Cash,September,1287
23-06-2025,Food,8358,Card,March,836
24-06-2025,Rent,9209,Cash,March,921
28-06-2025,Transport,3391,Online,February,339
30-06-2025,Entertainment,406,Cash,January,41
30-06-2025,Rent,12175,Cash,September,1218
30-06-2025,Shopping,9982,Card,May,998
01-07-2025,Health,7110,Card,November,711
04-07-2025,Shopping,12725,Online,September,1273
04-07-2025,Shopping,9656,Cash,November,966
07-07-2025,Shopping,12194,Cash,June,1219
09-07-2025,Transport,5143,Card,March,514
09-07-2025,Transport,3928,Cash,December,393
09-07-2025,Entertainment,9205,Online,September,921
09-07-2025,Entertainment,6752,Card,March,675
10-07-2025,Rent,4899,Cash,December,490
11-07-2025,Food,761,Cash,September,76
13-07-2025,Health,5278,Cash,June,528
14-07-2025,Shopping,6502,Card,March,650
15-07-2025,Rent,12427,Card,March,1243
16-07-2025,Shopping,9888,Card,September,989
16-07-2025,Shopping,7279,Online,May,728
17-07-2025,Shopping,13256,Cash,January,1326
17-07-2025,Utilities,13607,Card,March,1361
17-07-2025,Rent,6642,Cash,September,664
18-07-2025,Entertainment,1063,Online,February,106
18-07-2025,Shopping,1480,Card,October,148
19-07-2025,Food,12423,Card,May,1242
19-07-2025,Health,7391,Card,October,739
19-07-2025,Entertainment,9084,Card,July,908
19-07-2025,Transport,6663,Cash,May,666
20-07-2025,Health,7757,Card,July,776
22-07-2025,Shopping,11927,Online,May,1193
23-07-2025,Transport,12315,Online,April,1232
23-07-2025,Food,9565,Card,June,957
25-07-2025,Utilities,6831,Card,December,683
25-07-2025,Shopping,5997,Cash,April,600
27-07-2025,Rent,786,Card,February,79
27-07-2025,Food,8880,Cash,November,888
28-07-2025,Entertainment,9537,Online,March,954
28-07-2025,Health,4456,Card,June,446
30-07-2025,Shopping,7948,Online,January,795
31-07-2025,Transport,2453,Card,January,245
02-08-2025,Transport,4011,Online,August,401
03-08-2025,Entertainment,5470,Card,December,547
09-08-2025,Shopping,1017,Cash,May,102
10-08-2025,Transport,4545,Cash,October,455
15-08-2025,Rent,2569,Cash,January,257
16-08-2025,Health,14888,Online,April,1489
18-08-2025,Food,11314,Cash,February,1131
23-08-2025,Utilities,7080,Card,November,708
23-08-2025,Rent,992,Cash,September,99
24-08-2025,Health,3812,Card,July,381
26-08-2025,Shopping,2303,Cash,January,230
27-08-2025,Transport,9142,Online,February,914
29-08-2025,Utilities,9639,Card,April,964
29-08-2025,Rent,12180,Card,May,1218
30-08-2025,Rent,5758,Card,December,576
30-08-2025,Transport,7805,Cash,January,781
31-08-2025,Transport,3738,Cash,March,374
31-08-2025,Utilities,14890,Cash,February,1489
01-09-2025,Health,12191,Cash,September,1219
02-09-2025,Rent,878,Online,February,88
03-09-2025,Utilities,10837,Cash,March,1084
03-09-2025,Rent,8420,Card,May,842
04-09-2025,Food,369,Card,April,37
04-09-2025,Entertainment,674,Card,December,67
04-09-2025,Transport,2164,Card,June,216
04-09-2025,Health,7524,Card,February,752
06-09-2025,Food,12360,Cash,December,1236
08-09-2025,Shopping,9113,Card,February,911
11-09-2025,Food,11183,Card,October,1118
11-09-2025,Utilities,5446,Online,October,545
15-09-2025,Health,10740,Cash,October,1074
16-09-2025,Health,12957,Cash,January,1296
16-09-2025,Rent,3274,Cash,March,327
17-09-2025,Health,7332,Cash,March,733
17-09-2025,Utilities,9733,Cash,February,973
19-09-2025,Shopping,7933,Card,May,793
19-09-2025,Food,13125,Cash,December,1313
24-09-2025,Rent,9745,Online,June,975
25-09-2025,Rent,205,Cash,April,21
25-09-2025,Transport,381,Card,November,38
25-09-2025,Utilities,9767,Card,March,977
27-09-2025,Health,2834,Online,November,283
29-09-2025,Transport,7100,Card,February,710
29-09-2025,Transport,10824,Card,August,1082
29-09-2025,Utilities,1707,Online,January,171
30-09-2025,Entertainment,1494,Online,September,149
01-10-2025,Utilities,307,Cash,September,31
01-10-2025,Health,9198,Cash,December,920
01-10-2025,Transport,13731,Cash,July,1373
02-10-2025,Health,9608,Card,March,961
02-10-2025,Food,12994,Online,June,1299
03-10-2025,Rent,10147,Online,March,1015
04-10-2025,Food,13087,Online,December,1309
07-10-2025,Food,4911,Card,June,491
08-10-2025,Transport,8294,Card,February,829
09-10-2025,Rent,10000,Online,August,1000
09-10-2025,Rent,10008,Online,February,1001
09-10-2025,Health,11115,Cash,June,1112
10-10-2025,Entertainment,9178,Online,January,918
13-10-2025,Food,13497,Card,August,1350
14-10-2025,Transport,3783,Cash,October,378
14-10-2025,Food,8205,Online,August,821
15-10-2025,Food,113,Card,April,11
16-10-2025,Rent,1140,Card,July,114
17-10-2025,Transport,5442,Card,May,544
17-10-2025,Food,12740,Cash,November,1274
17-10-2025,Food,3292,Cash,June,329
18-10-2025,Shopping,1400,Card,April,140
18-10-2025,Shopping,3668,Card,June,367
19-10-2025,Food,2237,Online,September,224
20-10-2025,Entertainment,10644,Online,May,1064
20-10-2025,Entertainment,6357,Cash,February,636
20-10-2025,Shopping,4890,Card,March,489
20-10-2025,Utilities,14431,Card,August,1443
20-10-2025,Shopping,11643,Online,September,1164
21-10-2025,Transport,5110,Online,January,511
21-10-2025,Shopping,9308,Card,January,931
23-10-2025,Transport,7978,Cash,January,798
24-10-2025,Health,3089,Cash,June,309
24-10-2025,Shopping,12301,Card,December,1230
25-10-2025,Food,9619,Card,May,962
25-10-2025,Food,9253,Card,June,925
25-10-2025,Health,14098,Online,January,1410
25-10-2025,Shopping,1968,Card,July,197
26-10-2025,Transport,2213,Cash,October,221
29-10-2025,Entertainment,3813,Cash,January,381
31-10-2025,Shopping,7967,Card,February,797
31-10-2025,Utilities,10504,Cash,February,1050
02-11-2025,Health,3776,Cash,March,378
02-11-2025,Rent,11822,Cash,December,1182
02-11-2025,Transport,7521,Online,June,752
03-11-2025,Rent,6832,Online,January,683
05-11-2025,Rent,6250,Cash,January,625
05-11-2025,Utilities,11965,Online,June,1197
06-11-2025,Entertainment,1540,Cash,July,154
06-11-2025,Rent,4355,Cash,May,436
06-11-2025,Transport,6702,Online,February,670
07-11-2025,Utilities,10496,Online,April,1050
11-11-2025,Food,652,Cash,April,65
12-11-2025,Rent,8345,Online,September,835
12-11-2025,Entertainment,10439,Online,July,1044
12-11-2025,Rent,6530,Online,March,653
12-11-2025,Health,7537,Cash,March,754
14-11-2025,Shopping,11493,Online,June,1149
14-11-2025,Entertainment,1084,Card,March,108
14-11-2025,Transport,10277,Card,October,1028
15-11-2025,Rent,8732,Online,March,873
15-11-2025,Health,4748,Card,May,475
16-11-2025,Utilities,10917,Cash,September,1092
17-11-2025,Rent,2013,Online,March,201
18-11-2025,Entertainment,11753,Online,October,1175
19-11-2025,Utilities,14397,Cash,July,1440
20-11-2025,Shopping,10700,Cash,June,1070
21-11-2025,Rent,803,Card,June,80
21-11-2025,Entertainment,2482,Online,July,248
22-11-2025,Shopping,11745,Card,July,1175
22-11-2025,Rent,3474,Online,September,347
23-11-2025,Utilities,9984,Online,April,998
25-11-2025,Health,2963,Cash,May,296
27-11-2025,Entertainment,3349,Online,November,335
28-11-2025,Utilities,7497,Cash,January,750
28-11-2025,Rent,9544,Cash,May,954
29-11-2025,Food,9235,Online,May,924
29-11-2025,Entertainment,8313,Cash,February,831
29-11-2025,Entertainment,3698,Card,November,370
30-11-2025,Shopping,826,Online,February,83
30-11-2025,Utilities,14136,Online,August,1414
01-12-2025,Transport,1928,Card,August,193
02-12-2025,Shopping,14659,Online,February,1466
03-12-2025,Entertainment,4072,Cash,March,407
04-12-2025,Food,2389,Card,December,239
04-12-2025,Food,7526,Card,February,753
06-12-2025,Entertainment,2156,Card,December,216
09-12-2025,Transport,3474,Online,March,347
10-12-2025,Food,3480,Card,November,348
10-12-2025,Entertainment,6640,Cash,July,664
11-12-2025,Transport,11060,Cash,January,1106
14-12-2025,Health,3325,Cash,August,333
18-12-2025,Rent,10130,Card,February,1013
20-12-2025,Food,10562,Card,August,1056
20-12-2025,Transport,2262,Online,May,226
24-12-2025,Entertainment,9524,Online,October,952
25-12-2025,Utilities,2496,Online,December,250
26-12-2025,Health,13936,Cash,October,1394
27-12-2025,Rent,11230,Online,October,1123
27-12-2025,Rent,11403,Card,August,1140
27-12-2025,Rent,3653,Online,December,365
28-12-2025,Utilities,10304,Card,May,1030
29-12-2025,Shopping,12278,Online,May,1228
29-12-2025,Entertainment,14151,Card,August,1415
30-12-2025,Rent,14013,Cash,December,1401
30-12-2025,Health,5876,Online,June,588
01-01-2026,Shopping,11353,Cash,April,1135
01-01-2026,Utilities,10693,Card,September,1069
02-01-2026,Shopping,12308,Card,November,1231
03-01-2026,Utilities,6912,Online,April,691
03-01-2026,Transport,12871,Card,May,1287
04-01-2026,Shopping,11480,Online,March,1148
04-01-2026,Health,4803,Card,January,480
05-01-2026,Utilities,9318,Online,September,932
05-01-2026,Entertainment,5289,Online,September,529
05-01-2026,Entertainment,5490,Card,August,549
08-01-2026,Food,13644,Cash,July,1364
08-01-2026,Transport,14537,Card,November,1454
09-01-2026,Utilities,12445,Cash,August,1245
10-01-2026,Rent,719,Online,April,72
12-01-2026,Health,5184,Online,October,518
14-01-2026,Transport,8807,Online,May,881
14-01-2026,Entertainment,12832,Cash,August,1283
17-01-2026,Entertainment,11092,Card,December,1109
18-01-2026,Food,2845,Cash,July,285
18-01-2026,Rent,14627,Cash,November,1463
19-01-2026,Utilities,5004,Online,August,500
19-01-2026,Entertainment,5857,Cash,December,586
20-01-2026,Transport,11708,Cash,May,1171
20-01-2026,Health,6362,Card,January,636
21-01-2026,Shopping,9786,Cash,January,979
21-01-2026,Utilities,3324,Online,March,332
23-01-2026,Transport,9929,Online,October,993
23-01-2026,Food,7327,Card,April,733
27-01-2026,Health,12473,Online,January,1247
28-01-2026,Food,6995,Cash,February,700
28-01-2026,Rent,4540,Card,August,454
30-01-2026,Transport,5692,Online,February,569
31-01-2026,Rent,4712,Online,November,471
31-01-2026,Health,11777,Cash,September,1178
02-02-2026,Utilities,6880,Cash,July,688
02-02-2026,Entertainment,3862,Card,January,386
02-02-2026,Health,10288,Online,March,1029
02-02-2026,Health,7199,Card,April,720
05-02-2026,Entertainment,5545,Card,January,555
05-02-2026,Transport,12736,Card,October,1274
07-02-2026,Entertainment,3819,Online,February,382
07-02-2026,Health,4643,Cash,September,464
08-02-2026,Rent,13159,Cash,February,1316
09-02-2026,Health,5897,Cash,March,590
10-02-2026,Transport,4233,Cash,December,423
11-02-2026,Transport,2908,Online,August,291
12-02-2026,Rent,6376,Card,January,638
14-02-2026,Food,1100,Cash,September,110
14-02-2026,Entertainment,14239,Online,June,1424
14-02-2026,Rent,11887,Online,September,1189
14-02-2026,Entertainment,5116,Cash,December,512
15-02-2026,Health,4775,Card,January,478
17-02-2026,Entertainment,8457,Online,November,846
18-02-2026,Shopping,12157,Card,October,1216
18-02-2026,Shopping,3841,Card,November,384
21-02-2026,Food,13932,Card,November,1393
21-02-2026,Rent,3181,Cash,January,318
22-02-2026,Rent,2572,Online,January,257
23-02-2026,Transport,3814,Cash,September,381
25-02-2026,Food,14235,Cash,September,1424
25-02-2026,Entertainment,5852,Card,April,585
28-02-2026,Entertainment,225,Online,October,23
01-03-2026,Shopping,4053,Cash,May,405
02-03-2026,Utilities,14277,Cash,January,1428
02-03-2026,Entertainment,1086,Card,September,109
02-03-2026,Rent,10674,Online,March,1067
03-03-2026,Shopping,1812,Card,October,181
05-03-2026,Shopping,5303,Online,October,530
05-03-2026,Transport,11818,Cash,May,1182
06-03-2026,Transport,6453,Cash,March,645
06-03-2026,Entertainment,12039,Cash,September,1204
06-03-2026,Food,4531,Online,November,453
08-03-2026,Health,6913,Online,January,691
08-03-2026,Health,10461,Card,November,1046
08-03-2026,Rent,111,Card,August,11
08-03-2026,Food,10799,Card,July,1080
10-03-2026,Food,3316,Cash,June,332
11-03-2026,Health,10005,Card,February,1001
12-03-2026,Utilities,14746,Online,August,1475
12-03-2026,Rent,1158,Cash,July,116
14-03-2026,Entertainment,14194,Cash,July,1419
15-03-2026,Transport,9839,Online,October,984
16-03-2026,Entertainment,5529,Card,January,553
17-03-2026,Entertainment,1782,Card,November,178
21-03-2026,Shopping,3058,Card,June,306
23-03-2026,Rent,3339,Online,November,334
25-03-2026,Entertainment,1443,Card,December,144
25-03-2026,Health,9308,Cash,January,931
26-03-2026,Entertainment,9399,Cash,February,940
26-03-2026,Shopping,8132,Card,July,813
26-03-2026,Health,2456,Cash,February,246
26-03-2026,Utilities,4136,Online,June,414
28-03-2026,Shopping,11661,Cash,August,1166
29-03-2026,Entertainment,14651,Card,May,1465
29-03-2026,Transport,7127,Online,October,713
30-03-2026,Shopping,4267,Cash,April,427
30-03-2026,Utilities,9599,Cash,November,960
01-04-2026,Entertainment,7017,Online,April,702
01-04-2026,Transport,14763,Cash,February,1476
02-04-2026,Entertainment,7129,Cash,October,713
03-04-2026,Entertainment,7427,Card,August,743
03-04-2026,Shopping,2593,Card,January,259
04-04-2026,Food,12297,Card,December,1230
05-04-2026,Food,2872,Cash,April,287
06-04-2026,Transport,3255,Card,March,326
07-04-2026,Health,101,Online,March,10
08-04-2026,Entertainment,14677,Cash,August,1468
08-04-2026,Transport,869,Online,December,87
08-04-2026,Health,11994,Online,April,1199
09-04-2026,Health,2039,Card,November,204
09-04-2026,Food,1088,Cash,April,109
10-04-2026,Entertainment,9871,Cash,May,987
11-04-2026,Food,11029,Online,March,1103
12-04-2026,Rent,11230,Cash,April,1123
13-04-2026,Transport,13225,Cash,June,1323
14-04-2026,Utilities,11524,Cash,December,1152
15-04-2026,Rent,1150,Cash,February,115
16-04-2026,Rent,1298,Online,April,130
16-04-2026,Utilities,8984,Online,December,898
17-04-2026,Utilities,3566,Online,June,357
18-04-2026,Food,1804,Cash,January,180
18-04-2026,Rent,2852,Cash,March,285
19-04-2026,Transport,11800,Online,June,1180
20-04-2026,Transport,8006,Online,March,801
21-04-2026,Health,7024,Cash,February,702
22-04-2026,Transport,6887,Card,September,689
28-04-2026,Health,7861,Online,November,786
30-04-2026,Transport,7036,Online,July,704
01-05-2026,Utilities,10461,Card,June,1046
01-05-2026,Transport,3224,Online,October,322
03-05-2026,Utilities,12682,Online,September,1268
03-05-2026,Utilities,10332,Card,December,1033
04-05-2026,Shopping,891,Cash,March,89
06-05-2026,Entertainment,14788,Online,January,1479
06-05-2026,Shopping,10845,Online,October,1085
07-05-2026,Food,13246,Card,November,1325
07-05-2026,Rent,13381,Cash,February,1338
10-05-2026,Rent,12357,Online,April,1236
10-05-2026,Rent,6190,Cash,June,619
10-05-2026,Entertainment,7611,Card,December,761
12-05-2026,Entertainment,9087,Cash,September,909
13-05-2026,Transport,3888,Card,September,389
13-05-2026,Health,10376,Cash,March,1038
16-05-2026,Entertainment,1277,Cash,November,128
16-05-2026,Food,675,Cash,December,68
16-05-2026,Shopping,14010,Card,August,1401
18-05-2026,Rent,9027,Card,October,903
18-05-2026,Health,8079,Card,January,808
20-05-2026,Food,14849,Cash,April,1485
21-05-2026,Entertainment,12103,Online,December,1210
21-05-2026,Entertainment,9852,Cash,July,985
21-05-2026,Utilities,11858,Card,April,1186
21-05-2026,Food,13473,Cash,November,1347
21-05-2026,Food,5443,Online,May,544
22-05-2026,Health,4860,Online,May,486
25-05-2026,Food,10923,Cash,March,1092
25-05-2026,Utilities,10206,Card,September,1021
26-05-2026,Health,5995,Cash,April,600
27-05-2026,Food,734,Online,February,73
28-05-2026,Food,1691,Card,May,169
28-05-2026,Shopping,3527,Card,November,353
29-05-2026,Shopping,11663,Cash,July,1166
30-05-2026,Utilities,11228,Online,June,1123
30-05-2026,Utilities,4499,Online,December,450
01-06-2026,Transport,10160,Online,April,1016
01-06-2026,Food,2378,Online,December,238
01-06-2026,Utilities,8701,Card,June,870
02-06-2026,Shopping,5755,Card,February,576
02-06-2026,Utilities,7215,Online,December,722
03-06-2026,Health,1329,Online,March,133
03-06-2026,Rent,12146,Card,April,1215
04-06-2026,Entertainment,12021,Cash,April,1202
04-06-2026,Shopping,13131,Card,August,1313
09-06-2026,Health,14213,Cash,November,1421
10-06-2026,Utilities,1535,Online,May,154
10-06-2026,Rent,12422,Cash,September,1242
13-06-2026,Transport,12968,Online,April,1297
14-06-2026,Health,6182,Online,April,618
14-06-2026,Health,8542,Cash,February,854
14-06-2026,Shopping,13698,Online,June,1370
15-06-2026,Health,5891,Cash,February,589
15-06-2026,Health,9327,Cash,September,933
16-06-2026,Health,11973,Card,May,1197
16-06-2026,Health,3273,Card,December,327
18-06-2026,Health,1987,Card,January,199
21-06-2026,Food,554,Cash,October,55
21-06-2026,Food,10632,Cash,June,1063
24-06-2026,Shopping,6189,Cash,September,619
25-06-2026,Utilities,7825,Card,August,783
26-06-2026,Shopping,14946,Card,April,1495
26-06-2026,Entertainment,13480,Cash,May,1348
27-06-2026,Health,4311,Cash,November,431
30-06-2026,Entertainment,11085,Online,October,1109
01-07-2026,Food,7152,Card,August,715
02-07-2026,Shopping,8608,Online,April,861
03-07-2026,Transport,9296,Online,September,930
04-07-2026,Rent,13729,Card,February,1373
08-07-2026,Transport,14726,Online,April,1473
08-07-2026,Shopping,14551,Online,September,1455
09-07-2026,Transport,9231,Card,July,923
09-07-2026,Shopping,12698,Online,January,1270
10-07-2026,Rent,1488,Cash,March,149
10-07-2026,Shopping,6283,Card,January,628
11-07-2026,Utilities,8633,Online,August,863
13-07-2026,Food,14209,Cash,February,1421
16-07-2026,Entertainment,12903,Card,September,1290
17-07-2026,Health,11915,Cash,June,1192
17-07-2026,Transport,8565,Card,February,857
17-07-2026,Entertainment,4133,Cash,October,413
17-07-2026,Shopping,9838,Cash,July,984
17-07-2026,Food,10953,Card,July,1095
18-07-2026,Health,9866,Card,November,987
20-07-2026,Rent,13874,Card,April,1387
20-07-2026,Entertainment,6744,Online,May,674
22-07-2026,Transport,8941,Cash,July,894
23-07-2026,Rent,14726,Card,January,1473
23-07-2026,Health,582,Cash,May,58
24-07-2026,Utilities,10305,Cash,August,1031
24-07-2026,Food,6199,Cash,December,620
31-07-2026,Food,12747,Online,April,1275
31-07-2026,Utilities,10089,Card,December,1009
31-07-2026,Shopping,6981,Online,May,698
03-08-2026,Food,9020,Card,December,902
03-08-2026,Transport,8327,Cash,December,833
05-08-2026,Rent,4982,Online,July,498
08-08-2026,Entertainment,1842,Card,October,184
09-08-2026,Health,12255,Cash,March,1226
10-08-2026,Entertainment,8576,Card,August,858
10-08-2026,Food,6254,Online,August,625
10-08-2026,Transport,14310,Cash,October,1431
11-08-2026,Food,11471,Card,June,1147
12-08-2026,Rent,5209,Card,September,521
12-08-2026,Food,121,Cash,February,12
13-08-2026,Food,7590,Card,July,759
13-08-2026,Food,1489,Card,May,149
14-08-2026,Food,9731,Online,June,973
14-08-2026,Transport,5205,Card,March,521
15-08-2026,Food,5226,Cash,May,523
15-08-2026,Rent,12695,Card,July,1270
15-08-2026,Food,13431,Card,February,1343
15-08-2026,Shopping,14164,Cash,June,1416
15-08-2026,Transport,11845,Online,November,1185
15-08-2026,Food,11679,Online,November,1168
16-08-2026,Food,11066,Cash,November,1107
16-08-2026,Entertainment,12220,Card,May,1222
17-08-2026,Rent,4880,Card,February,488
18-08-2026,Rent,1236,Online,March,124
19-08-2026,Shopping,13142,Card,July,1314
20-08-2026,Transport,7573,Cash,August,757
20-08-2026,Rent,5563,Card,August,556
25-08-2026,Transport,11338,Card,November,1134
25-08-2026,Rent,10533,Cash,May,1053
27-08-2026,Food,5550,Cash,July,555
28-08-2026,Utilities,172,Cash,October,17
29-08-2026,Shopping,4699,Card,May,470
29-08-2026,Health,1904,Cash,June,190
30-08-2026,Shopping,3456,Cash,June,346
30-08-2026,Health,13060,Cash,September,1306
31-08-2026,Transport,7695,Online,June,770
01-09-2026,Utilities,13361,Online,March,1336
02-09-2026,Health,2836,Online,March,284
04-09-2026,Transport,11307,Cash,April,1131
07-09-2026,Health,8695,Cash,September,870
08-09-2026,Health,3046,Online,March,305
09-09-2026,Entertainment,11071,Card,May,1107
12-09-2026,Entertainment,13679,Cash,February,1368
13-09-2026,Transport,11409,Card,December,1141
14-09-2026,Shopping,9859,Online,March,986
14-09-2026,Utilities,3172,Cash,February,317
16-09-2026,Health,3596,Cash,November,360
18-09-2026,Transport,14094,Cash,July,1409
19-09-2026,Entertainment,10931,Cash,August,1093
19-09-2026,Rent,258,Cash,December,26
22-09-2026,Health,10003,Card,October,1000
22-09-2026,Entertainment,9007,Card,November,901
23-09-2026,Utilities,10101,Online,September,1010
23-09-2026,Food,6738,Card,April,674
25-09-2026,Food,7217,Cash,August,722
25-09-2026,Utilities,2840,Online,December,284
